zeropad2d_cl_array_ap_fixed_1u_array_ap_fixed_16_6_5_3_0_1u_config32_U0,PadMain,seq_loop_status1.csv
zeropad2d_cl_array_ap_fixed_1u_array_ap_fixed_16_6_5_3_0_1u_config32_U0.grp_zeropad2d_cl_array_array_ap_fixed_16_6_5_3_0_1u_config32_Pipeline_CopyMain_fu_56,CopyMain,upc_loop_status1.csv
zeropad2d_cl_array_ap_fixed_1u_array_ap_fixed_16_6_5_3_0_1u_config32_U0.grp_zeropad2d_cl_array_array_ap_fixed_1u_config32_Pipeline_PadBottomWidth_fu_64,PadBottomWidth,upc_loop_status2.csv
conv_2d_cl_array_ap_fixed_1u_array_ap_fixed_16_6_5_3_0_4u_config2_U0,ReadInputHeight_ReadInputWidth,upc_loop_status3.csv
relu_array_ap_fixed_4u_array_ap_fixed_16_6_5_3_0_4u_relu_config4_U0,ReLUActLoop,upc_loop_status4.csv
clone_stream_array_ap_fixed_4u_array_ap_fixed_16_6_5_3_0_4u_65536_U0,CloneLoop,upc_loop_status5.csv
zeropad2d_cl_array_ap_fixed_4u_array_ap_fixed_16_6_5_3_0_4u_config33_U0,PadMain,seq_loop_status2.csv
zeropad2d_cl_array_ap_fixed_4u_array_ap_fixed_16_6_5_3_0_4u_config33_U0.grp_zeropad2d_cl_array_array_ap_fixed_16_6_5_3_0_4u_config33_Pipeline_PadTopWidth_fu_54,PadTopWidth,upc_loop_status6.csv
zeropad2d_cl_array_ap_fixed_4u_array_ap_fixed_16_6_5_3_0_4u_config33_U0.grp_zeropad2d_cl_array_array_ap_fixed_4u_config33_Pipeline_PadBottomWidth_fu_60,PadBottomWidth,upc_loop_status7.csv
zeropad2d_cl_array_ap_fixed_4u_array_ap_fixed_16_6_5_3_0_4u_config33_U0.grp_zeropad2d_cl_array_array_ap_fixed_16_6_5_3_0_4u_config33_Pipeline_CopyMain_fu_66,CopyMain,upc_loop_status8.csv
conv_2d_cl_array_ap_fixed_4u_array_ap_fixed_16_6_5_3_0_4u_config5_U0,ReadInputHeight_ReadInputWidth,upc_loop_status9.csv
add_array_array_ap_fixed_4u_array_ap_fixed_16_6_5_3_0_4u_config7_U0,AddLoop,upc_loop_status10.csv
relu_array_ap_fixed_4u_array_ap_fixed_16_6_5_3_0_4u_relu_config8_U0,ReLUActLoop,upc_loop_status11.csv
zeropad2d_cl_array_ap_fixed_4u_array_ap_fixed_16_6_5_3_0_4u_config34_U0,PadMain,seq_loop_status3.csv
zeropad2d_cl_array_ap_fixed_4u_array_ap_fixed_16_6_5_3_0_4u_config34_U0.grp_zeropad2d_cl_array_array_ap_fixed_16_6_5_3_0_4u_config34_Pipeline_CopyMain_fu_52,CopyMain,upc_loop_status12.csv
zeropad2d_cl_array_ap_fixed_4u_array_ap_fixed_16_6_5_3_0_4u_config34_U0.grp_zeropad2d_cl_array_array_ap_fixed_4u_config34_Pipeline_PadBottomWidth_fu_60,PadBottomWidth,upc_loop_status13.csv
conv_2d_cl_array_ap_fixed_4u_array_ap_fixed_16_6_5_3_0_6u_config9_U0,ReadInputHeight_ReadInputWidth,upc_loop_status14.csv
relu_array_ap_fixed_6u_array_ap_fixed_16_6_5_3_0_6u_relu_config11_U0,ReLUActLoop,upc_loop_status15.csv
clone_stream_array_ap_fixed_6u_array_ap_fixed_16_6_5_3_0_6u_24576_U0,CloneLoop,upc_loop_status16.csv
zeropad2d_cl_array_ap_fixed_6u_array_ap_fixed_16_6_5_3_0_6u_config35_U0.grp_zeropad2d_cl_array_array_ap_fixed_16_6_5_3_0_6u_config35_Pipeline_PadTopWidth_fu_22,PadTopWidth,upc_loop_status17.csv
zeropad2d_cl_array_ap_fixed_6u_array_ap_fixed_16_6_5_3_0_6u_config35_U0.grp_zeropad2d_cl_array_array_ap_fixed_16_6_5_3_0_6u_config35_Pipeline_PadMain_fu_28,PadMain,upc_loop_status18.csv
zeropad2d_cl_array_ap_fixed_6u_array_ap_fixed_16_6_5_3_0_6u_config35_U0.grp_zeropad2d_cl_array_array_ap_fixed_6u_config35_Pipeline_PadBottomWidth_fu_36,PadBottomWidth,upc_loop_status19.csv
conv_2d_cl_array_ap_fixed_6u_array_ap_fixed_16_6_5_3_0_6u_config12_U0,ReadInputHeight_ReadInputWidth,upc_loop_status20.csv
add_array_array_ap_fixed_6u_array_ap_fixed_16_6_5_3_0_6u_config14_U0,AddLoop,upc_loop_status21.csv
relu_array_ap_fixed_6u_array_ap_fixed_16_6_5_3_0_6u_relu_config15_U0,ReLUActLoop,upc_loop_status22.csv
zeropad2d_cl_array_ap_fixed_6u_array_ap_fixed_16_6_5_3_0_6u_config36_U0.grp_zeropad2d_cl_array_array_ap_fixed_16_6_5_3_0_6u_config36_Pipeline_PadMain_fu_20,PadMain,upc_loop_status23.csv
zeropad2d_cl_array_ap_fixed_6u_array_ap_fixed_16_6_5_3_0_6u_config36_U0.grp_zeropad2d_cl_array_array_ap_fixed_6u_config36_Pipeline_PadBottomWidth_fu_28,PadBottomWidth,upc_loop_status24.csv
conv_2d_cl_array_ap_fixed_6u_array_ap_fixed_16_6_5_3_0_8u_config16_U0,ReadInputHeight_ReadInputWidth,upc_loop_status25.csv
relu_array_ap_fixed_8u_array_ap_fixed_16_6_5_3_0_8u_relu_config18_U0,ReLUActLoop,upc_loop_status26.csv
clone_stream_array_ap_fixed_8u_array_ap_fixed_16_6_5_3_0_8u_8192_U0,CloneLoop,upc_loop_status27.csv
zeropad2d_cl_array_ap_fixed_8u_array_ap_fixed_16_6_5_3_0_8u_config37_U0.grp_zeropad2d_cl_array_array_ap_fixed_16_6_5_3_0_8u_config37_Pipeline_PadTopWidth_fu_22,PadTopWidth,upc_loop_status28.csv
zeropad2d_cl_array_ap_fixed_8u_array_ap_fixed_16_6_5_3_0_8u_config37_U0.grp_zeropad2d_cl_array_array_ap_fixed_16_6_5_3_0_8u_config37_Pipeline_PadMain_fu_28,PadMain,upc_loop_status29.csv
zeropad2d_cl_array_ap_fixed_8u_array_ap_fixed_16_6_5_3_0_8u_config37_U0.grp_zeropad2d_cl_array_array_ap_fixed_8u_config37_Pipeline_PadBottomWidth_fu_36,PadBottomWidth,upc_loop_status30.csv
conv_2d_cl_array_ap_fixed_8u_array_ap_fixed_16_6_5_3_0_8u_config19_U0,ReadInputHeight_ReadInputWidth,upc_loop_status31.csv
add_array_array_ap_fixed_8u_array_ap_fixed_16_6_5_3_0_8u_config21_U0,AddLoop,upc_loop_status32.csv
relu_array_ap_fixed_8u_array_ap_fixed_16_6_5_3_0_8u_relu_config22_U0,ReLUActLoop,upc_loop_status33.csv
pointwise_conv_2d_cl_array_array_ap_fixed_16_6_5_3_0_8u_config38_U0,ReadInputHeight_ReadInputWidth,upc_loop_status34.csv
relu_array_ap_fixed_8u_array_ap_fixed_16_6_5_3_0_8u_relu_config25_U0,ReLUActLoop,upc_loop_status35.csv
pointwise_conv_2d_cl_array_array_ap_fixed_16_6_5_3_0_1u_config39_U0,ReadInputHeight_ReadInputWidth,upc_loop_status36.csv
sigmoid_array_array_ap_fixed_16_6_5_3_0_1u_sigmoid_config28_U0,SigmoidActLoop,upc_loop_status37.csv
