,zeropad2d_cl_array_ap_fixed_1u_array_ap_fixed_16_6_5_3_0_1u_config32_U0,,status1.csv
,conv_2d_cl_array_ap_fixed_1u_array_ap_fixed_16_6_5_3_0_4u_config2_U0,,status2.csv
,relu_array_ap_fixed_4u_array_ap_fixed_16_6_5_3_0_4u_relu_config4_U0,,status3.csv
,clone_stream_array_ap_fixed_4u_array_ap_fixed_16_6_5_3_0_4u_65536_U0,,status4.csv
,zeropad2d_cl_array_ap_fixed_4u_array_ap_fixed_16_6_5_3_0_4u_config33_U0,,status5.csv
,conv_2d_cl_array_ap_fixed_4u_array_ap_fixed_16_6_5_3_0_4u_config5_U0,,status6.csv
,add_array_array_ap_fixed_4u_array_ap_fixed_16_6_5_3_0_4u_config7_U0,,status7.csv
,relu_array_ap_fixed_4u_array_ap_fixed_16_6_5_3_0_4u_relu_config8_U0,,status8.csv
,zeropad2d_cl_array_ap_fixed_4u_array_ap_fixed_16_6_5_3_0_4u_config34_U0,,status9.csv
,conv_2d_cl_array_ap_fixed_4u_array_ap_fixed_16_6_5_3_0_6u_config9_U0,,status10.csv
,relu_array_ap_fixed_6u_array_ap_fixed_16_6_5_3_0_6u_relu_config11_U0,,status11.csv
,clone_stream_array_ap_fixed_6u_array_ap_fixed_16_6_5_3_0_6u_24576_U0,,status12.csv
,zeropad2d_cl_array_ap_fixed_6u_array_ap_fixed_16_6_5_3_0_6u_config35_U0,,status13.csv
,conv_2d_cl_array_ap_fixed_6u_array_ap_fixed_16_6_5_3_0_6u_config12_U0,,status14.csv
,add_array_array_ap_fixed_6u_array_ap_fixed_16_6_5_3_0_6u_config14_U0,,status15.csv
,relu_array_ap_fixed_6u_array_ap_fixed_16_6_5_3_0_6u_relu_config15_U0,,status16.csv
,zeropad2d_cl_array_ap_fixed_6u_array_ap_fixed_16_6_5_3_0_6u_config36_U0,,status17.csv
,conv_2d_cl_array_ap_fixed_6u_array_ap_fixed_16_6_5_3_0_8u_config16_U0,,status18.csv
,relu_array_ap_fixed_8u_array_ap_fixed_16_6_5_3_0_8u_relu_config18_U0,,status19.csv
,clone_stream_array_ap_fixed_8u_array_ap_fixed_16_6_5_3_0_8u_8192_U0,,status20.csv
,zeropad2d_cl_array_ap_fixed_8u_array_ap_fixed_16_6_5_3_0_8u_config37_U0,,status21.csv
,conv_2d_cl_array_ap_fixed_8u_array_ap_fixed_16_6_5_3_0_8u_config19_U0,,status22.csv
,add_array_array_ap_fixed_8u_array_ap_fixed_16_6_5_3_0_8u_config21_U0,,status23.csv
,relu_array_ap_fixed_8u_array_ap_fixed_16_6_5_3_0_8u_relu_config22_U0,,status24.csv
,pointwise_conv_2d_cl_array_array_ap_fixed_16_6_5_3_0_8u_config38_U0,,status25.csv
,relu_array_ap_fixed_8u_array_ap_fixed_16_6_5_3_0_8u_relu_config25_U0,,status26.csv
,pointwise_conv_2d_cl_array_array_ap_fixed_16_6_5_3_0_1u_config39_U0,,status27.csv
,sigmoid_array_array_ap_fixed_16_6_5_3_0_1u_sigmoid_config28_U0,,status28.csv
,AESL_inst_folo,,module_status1.csv
zeropad2d_cl_array_ap_fixed_1u_array_ap_fixed_16_6_5_3_0_1u_config32_U0,grp_zeropad2d_cl_array_array_ap_fixed_16_6_5_3_0_1u_config32_Pipeline_CopyMain_fu_56,,module_status2.csv
zeropad2d_cl_array_ap_fixed_1u_array_ap_fixed_16_6_5_3_0_1u_config32_U0,grp_zeropad2d_cl_array_array_ap_fixed_1u_config32_Pipeline_PadBottomWidth_fu_64,,module_status3.csv
conv_2d_cl_array_ap_fixed_1u_array_ap_fixed_16_6_5_3_0_4u_config2_U0,grp_compute_output_buffer_2d_array_array_ap_fixed_16_6_5_3_0_4u_config2_s_fu_76,,module_status4.csv
conv_2d_cl_array_ap_fixed_1u_array_ap_fixed_16_6_5_3_0_4u_config2_U0.grp_compute_output_buffer_2d_array_array_ap_fixed_16_6_5_3_0_4u_config2_s_fu_76,call_ln281_shift_line_buffer_array_ap_fixed_16_6_5_3_0_1u_config2_s_fu_90,,module_status5.csv
conv_2d_cl_array_ap_fixed_1u_array_ap_fixed_16_6_5_3_0_4u_config2_U0.grp_compute_output_buffer_2d_array_array_ap_fixed_16_6_5_3_0_4u_config2_s_fu_76,grp_dense_latency_ap_fixed_16_6_5_3_0_ap_fixed_16_6_5_3_0_config2_mult_s_fu_118,,module_status6.csv
zeropad2d_cl_array_ap_fixed_4u_array_ap_fixed_16_6_5_3_0_4u_config33_U0,grp_zeropad2d_cl_array_array_ap_fixed_16_6_5_3_0_4u_config33_Pipeline_PadTopWidth_fu_54,,module_status7.csv
zeropad2d_cl_array_ap_fixed_4u_array_ap_fixed_16_6_5_3_0_4u_config33_U0,grp_zeropad2d_cl_array_array_ap_fixed_4u_config33_Pipeline_PadBottomWidth_fu_60,,module_status8.csv
zeropad2d_cl_array_ap_fixed_4u_array_ap_fixed_16_6_5_3_0_4u_config33_U0,grp_zeropad2d_cl_array_array_ap_fixed_16_6_5_3_0_4u_config33_Pipeline_CopyMain_fu_66,,module_status9.csv
conv_2d_cl_array_ap_fixed_4u_array_ap_fixed_16_6_5_3_0_4u_config5_U0,grp_compute_output_buffer_2d_array_array_ap_fixed_16_6_5_3_0_4u_config5_s_fu_156,,module_status10.csv
conv_2d_cl_array_ap_fixed_4u_array_ap_fixed_16_6_5_3_0_4u_config5_U0.grp_compute_output_buffer_2d_array_array_ap_fixed_16_6_5_3_0_4u_config5_s_fu_156,call_ln281_shift_line_buffer_array_ap_fixed_16_6_5_3_0_4u_config5_s_fu_180,,module_status11.csv
conv_2d_cl_array_ap_fixed_4u_array_ap_fixed_16_6_5_3_0_4u_config5_U0.grp_compute_output_buffer_2d_array_array_ap_fixed_16_6_5_3_0_4u_config5_s_fu_156,grp_dense_latency_ap_fixed_16_6_5_3_0_ap_fixed_16_6_5_3_0_config5_mult_s_fu_280,,module_status12.csv
zeropad2d_cl_array_ap_fixed_4u_array_ap_fixed_16_6_5_3_0_4u_config34_U0,grp_zeropad2d_cl_array_array_ap_fixed_16_6_5_3_0_4u_config34_Pipeline_CopyMain_fu_52,,module_status13.csv
zeropad2d_cl_array_ap_fixed_4u_array_ap_fixed_16_6_5_3_0_4u_config34_U0,grp_zeropad2d_cl_array_array_ap_fixed_4u_config34_Pipeline_PadBottomWidth_fu_60,,module_status14.csv
conv_2d_cl_array_ap_fixed_4u_array_ap_fixed_16_6_5_3_0_6u_config9_U0,grp_compute_output_buffer_2d_array_array_ap_fixed_16_6_5_3_0_6u_config9_s_fu_156,,module_status15.csv
conv_2d_cl_array_ap_fixed_4u_array_ap_fixed_16_6_5_3_0_6u_config9_U0.grp_compute_output_buffer_2d_array_array_ap_fixed_16_6_5_3_0_6u_config9_s_fu_156,call_ln281_shift_line_buffer_array_ap_fixed_16_6_5_3_0_4u_config9_s_fu_180,,module_status16.csv
conv_2d_cl_array_ap_fixed_4u_array_ap_fixed_16_6_5_3_0_6u_config9_U0.grp_compute_output_buffer_2d_array_array_ap_fixed_16_6_5_3_0_6u_config9_s_fu_156,grp_dense_latency_ap_fixed_16_6_5_3_0_ap_fixed_16_6_5_3_0_config9_mult_s_fu_280,,module_status17.csv
zeropad2d_cl_array_ap_fixed_6u_array_ap_fixed_16_6_5_3_0_6u_config35_U0,grp_zeropad2d_cl_array_array_ap_fixed_16_6_5_3_0_6u_config35_Pipeline_PadTopWidth_fu_22,,module_status18.csv
zeropad2d_cl_array_ap_fixed_6u_array_ap_fixed_16_6_5_3_0_6u_config35_U0,grp_zeropad2d_cl_array_array_ap_fixed_16_6_5_3_0_6u_config35_Pipeline_PadMain_fu_28,,module_status19.csv
zeropad2d_cl_array_ap_fixed_6u_array_ap_fixed_16_6_5_3_0_6u_config35_U0,grp_zeropad2d_cl_array_array_ap_fixed_6u_config35_Pipeline_PadBottomWidth_fu_36,,module_status20.csv
conv_2d_cl_array_ap_fixed_6u_array_ap_fixed_16_6_5_3_0_6u_config12_U0,grp_compute_output_buffer_2d_array_array_ap_fixed_16_6_5_3_0_6u_config12_s_fu_208,,module_status21.csv
conv_2d_cl_array_ap_fixed_6u_array_ap_fixed_16_6_5_3_0_6u_config12_U0.grp_compute_output_buffer_2d_array_array_ap_fixed_16_6_5_3_0_6u_config12_s_fu_208,call_ln281_shift_line_buffer_array_ap_fixed_16_6_5_3_0_6u_config12_s_fu_240,,module_status22.csv
conv_2d_cl_array_ap_fixed_6u_array_ap_fixed_16_6_5_3_0_6u_config12_U0.grp_compute_output_buffer_2d_array_array_ap_fixed_16_6_5_3_0_6u_config12_s_fu_208,grp_dense_latency_ap_fixed_16_6_5_3_0_ap_fixed_16_6_5_3_0_config12_mult_s_fu_388,,module_status23.csv
zeropad2d_cl_array_ap_fixed_6u_array_ap_fixed_16_6_5_3_0_6u_config36_U0,grp_zeropad2d_cl_array_array_ap_fixed_16_6_5_3_0_6u_config36_Pipeline_PadMain_fu_20,,module_status24.csv
zeropad2d_cl_array_ap_fixed_6u_array_ap_fixed_16_6_5_3_0_6u_config36_U0,grp_zeropad2d_cl_array_array_ap_fixed_6u_config36_Pipeline_PadBottomWidth_fu_28,,module_status25.csv
conv_2d_cl_array_ap_fixed_6u_array_ap_fixed_16_6_5_3_0_8u_config16_U0,grp_compute_output_buffer_2d_array_array_ap_fixed_16_6_5_3_0_8u_config16_s_fu_208,,module_status26.csv
conv_2d_cl_array_ap_fixed_6u_array_ap_fixed_16_6_5_3_0_8u_config16_U0.grp_compute_output_buffer_2d_array_array_ap_fixed_16_6_5_3_0_8u_config16_s_fu_208,call_ln281_shift_line_buffer_array_ap_fixed_16_6_5_3_0_6u_config16_s_fu_240,,module_status27.csv
conv_2d_cl_array_ap_fixed_6u_array_ap_fixed_16_6_5_3_0_8u_config16_U0.grp_compute_output_buffer_2d_array_array_ap_fixed_16_6_5_3_0_8u_config16_s_fu_208,grp_dense_latency_ap_fixed_16_6_5_3_0_ap_fixed_16_6_5_3_0_config16_mult_s_fu_388,,module_status28.csv
zeropad2d_cl_array_ap_fixed_8u_array_ap_fixed_16_6_5_3_0_8u_config37_U0,grp_zeropad2d_cl_array_array_ap_fixed_16_6_5_3_0_8u_config37_Pipeline_PadTopWidth_fu_22,,module_status29.csv
zeropad2d_cl_array_ap_fixed_8u_array_ap_fixed_16_6_5_3_0_8u_config37_U0,grp_zeropad2d_cl_array_array_ap_fixed_16_6_5_3_0_8u_config37_Pipeline_PadMain_fu_28,,module_status30.csv
zeropad2d_cl_array_ap_fixed_8u_array_ap_fixed_16_6_5_3_0_8u_config37_U0,grp_zeropad2d_cl_array_array_ap_fixed_8u_config37_Pipeline_PadBottomWidth_fu_36,,module_status31.csv
conv_2d_cl_array_ap_fixed_8u_array_ap_fixed_16_6_5_3_0_8u_config19_U0,grp_compute_output_buffer_2d_array_array_ap_fixed_16_6_5_3_0_8u_config19_s_fu_260,,module_status32.csv
conv_2d_cl_array_ap_fixed_8u_array_ap_fixed_16_6_5_3_0_8u_config19_U0.grp_compute_output_buffer_2d_array_array_ap_fixed_16_6_5_3_0_8u_config19_s_fu_260,call_ln281_shift_line_buffer_array_ap_fixed_16_6_5_3_0_8u_config19_s_fu_300,,module_status33.csv
conv_2d_cl_array_ap_fixed_8u_array_ap_fixed_16_6_5_3_0_8u_config19_U0.grp_compute_output_buffer_2d_array_array_ap_fixed_16_6_5_3_0_8u_config19_s_fu_260,grp_dense_latency_ap_fixed_16_6_5_3_0_ap_fixed_16_6_5_3_0_config19_mult_s_fu_496,,module_status34.csv
